Network,School,School ID,Unit,Grade,Composite Mean Fall 2008-2009,Composite Mean Fall 2009-2010,Composite Mean Fall 2010-2011,Composite Mean Fall 2011-2012,Composite Mean Fall 2012-2013,Composite Mean Spring 2012-2013,Composite Mean Spring 2013-2014,Composite No. Tested Fall 2008-2009,Composite No. Tested Fall 2009-2010,Composite No. Tested Fall 2010-2011,Composite No. Tested Fall 2011-2012,Composite No. Tested Fall 2012-2013,Composite No. Tested Spring 2012-2013,Composite No. Tested Spring 2013-2014,English Mean Fall 2008-2009,English Mean Fall 2009-2010,English Mean Fall 2010-2011,English Mean Fall 2011-2012,English Mean Fall 2012-2013,English Mean Spring 2012-2013,English Mean Spring 2013-2014,English No. Tested Fall 2008-2009,English No. Tested Fall 2009-2010,English No. Tested Fall 2010-2011,English No. Tested Fall 2011-2012,English No. Tested Fall 2012-2013,English No. Tested Spring 2012-2013,English No. Tested Spring 2013-2014,Maths Mean Fall 2008-2009,Maths Mean Fall 2009-2010,Maths Mean Fall 2010-2011,Maths Mean Fall 2011-2012,Maths Mean Fall 2012-2013,Maths Mean Spring 2012-2013,Maths Mean Spring 2013-2014,Maths No. Tested Fall 2008-2009,Maths No. Tested Fall 2009-2010,Maths No. Tested Fall 2010-2011,Maths No. Tested Fall 2011-2012,Maths No. Tested Fall 2012-2013,Maths No. Tested Spring 2012-2013,Maths No. Tested Spring 2013-2014,Reading Mean Fall 2008-2009,Reading Mean Fall 2009-2010,Reading Mean Fall 2010-2011,Reading Mean Fall 2011-2012,Reading Mean Fall 2012-2013,Reading Mean Spring 2012-2013,Reading Mean Spring 2013-2014,Reading No. Tested Fall 2008-2009,Reading No. Tested Fall 2009-2010,Reading No. Tested Fall 2010-2011,Reading No. Tested Fall 2011-2012,Reading No. Tested Fall 2012-2013,Reading No. Tested Spring 2012-2013,Reading No. Tested Spring 2013-2014,Science Mean Fall 2008-2009,Science Mean Fall 2009-2010,Science Mean Fall 2010-2011,Science Mean Fall 2011-2012,Science Mean Fall 2012-2013,Science Mean Spring 2012-2013,Science Mean Spring 2013-2014,Science No. Tested Fall 2008-2009,Science No. Tested Fall 2009-2010,Science No. Tested Fall 2010-2011,Science No. Tested Fall 2011-2012,Science No. Tested Fall 2012-2013,Science No. Tested Spring 2012-2013,Science No. Tested Spring 2013-2014
,CITYWIDE,,9999,10,15.4,15.5,15.4,15.9,16.1,16.7,17.1,23692,26040,26051,25271,24407,21533,22931,14.9,14.5,14.5,15,15.5,16.5,16.7,23860,26269,26255,25426,24585,21628,22992,15.2,15.3,15.5,15.7,16,16.7,17.1,23857,26255,26268,25456,24615,21692,23002,14.8,15,15,15.5,15.3,15.8,16.1,23841,26214,26210,25403,24544,21686,23003,16.3,16.6,16.1,16.8,17.1,17.2,17.7,23790,26202,26155,25373,24511,21664,22989
Charter,ACE TECHNICAL CHARTER HS,400010,7950,10,14.5,14.8,14.2,14.1,13.8,13.4,14.2,123,123,121,119,116,92,131,14.3,13.7,13.4,13,12.4,12.4,13.1,125,125,121,119,116,92,132,14.1,15,14.3,14.1,13.6,13.4,14.2,125,125,121,119,116,93,132,13.7,13.8,13.5,13.7,13.2,12.4,13.6,125,125,121,120,117,93,132,15.5,16.1,15.2,15.4,15.3,14.9,15.3,123,123,121,120,117,93,131
,ACT CHTR HS,400008,1720,10,14.2,14,,,,,,66,53,,,,,,12.9,12.7,,,,,,66,53,,,,,,14.1,14.4,,,,,,66,53,,,,,,13.9,13.3,,,,,,66,53,,,,,,15.3,15.2,,,,,,66,53,,,,,
Military,AIR FORCE HS,610513,1055,10,,,16.1,16.3,16.8,17.6,17.5,,,109,88,114,108,93,,,15.2,15.9,16.7,17.5,17.5,,,109,88,114,108,94,,,15.8,15.8,16.1,18,17.2,,,109,88,114,108,94,,,16.2,15.8,16.3,16.9,17,,,109,88,114,108,94,,,16.7,16.9,17.4,17.6,17.9,,,109,88,114,108,93
Network 4,ALCOTT HS,610524,8035,10,,,16.3,15.8,16.1,15.8,16.1,,,67,58,38,44,57,,,15.7,14.9,15.8,15.6,16.1,,,68,58,38,44,57,,,16.3,15.8,15.6,15.4,15.6,,,68,58,38,44,57,,,16,15.3,15.6,14.7,15,,,68,58,38,44,57,,,16.4,16.5,17.1,16.9,17.1,,,67,58,38,44,57
,ALOP HS,610388,1125,10,13.5,13.9,13.5,,,,,72,117,74,,,,,12.3,12.6,12.9,,,,,72,123,76,,,,,12.6,13.1,12.8,,,,,72,117,76,,,,,13.6,13.9,13,,,,,72,117,75,,,,,14.8,15.4,14.7,,,,,72,117,74,,,,
Charter,AMANDLA CHTR HS,400012,2035,10,,,,,,,15.3,,,,,,,34,,,,,,,14.7,,,,,,,34,,,,,,,15.6,,,,,,,34,,,,,,,13.7,,,,,,,34,,,,,,,16.4,,,,,,,34
Network 2,AMUNDSEN HS,609695,1210,10,14.4,14.8,14.7,15,15.1,15.1,16.1,511,426,467,415,418,278,282,13.5,13.8,13.7,14,14.3,14.3,15.5,511,427,468,416,423,280,282,14.3,14.6,14.8,15.1,15,15.7,16.1,511,427,468,416,422,282,282,13.6,14.2,14.3,14.3,14.4,13.9,15.4,511,426,467,415,420,280,282,15.7,16.2,15.6,16,16.3,16,16.9,511,426,467,416,418,280,282
Charter,ASPIRA CHRTR HS RAMIREZ,400015,7800,10,14,14,14.5,13.8,14.1,14.4,,104,109,77,89,53,69,,12.8,12.7,14,12.5,13,12.9,,104,113,77,89,64,73,,14.1,13.8,15.2,14.3,14.5,14.4,,104,113,77,89,65,71,,13.5,13.3,13.4,12.7,13.9,13.9,,104,111,77,89,62,78,,15.1,15.6,15.2,15.1,16,16,,104,109,77,89,61,79,
Charter,ASPIRA CHTR - EARLY COLLEGE HS,400013,7803,10,14.3,14.1,14.9,14.4,14.7,14,15.1,158,134,96,129,102,106,132,13.7,12.7,13.5,12.7,13,12.8,13.8,158,137,96,129,102,106,132,14.5,14.4,15.6,14.9,14.9,14.3,15.2,158,136,96,129,102,106,132,12.9,13.6,14.4,13.8,13.3,12.9,14.8,159,136,96,129,102,106,132,15.6,15.4,15.4,15.8,16.9,15.7,16.4,159,134,96,129,102,106,132
Network 3,AUSTIN BUS & ENTRP HS,400018,7020,10,14.2,14.3,13,13.3,14.2,13.8,13.2,103,70,91,62,45,53,29,13.1,13.7,11.8,12,13.3,12.9,12.9,109,71,94,65,45,53,29,13,14,12.8,12.9,14.2,13.6,13.4,104,71,94,65,45,54,29,14.2,13.6,12.2,13.1,13.3,13,11.9,105,70,92,62,45,54,29,15.7,15.6,14.6,14.8,15,14.9,14.3,105,70,92,62,45,54,29
Network 3,AUSTIN POLY HS,610501,1065,10,,13.8,13.4,13.7,13,12.6,13.9,,95,46,42,29,30,31,,12.5,12.6,12.8,11.7,11.2,13.1,,99,48,43,29,31,31,,13.5,13.6,14.5,12.8,12.1,13.7,,99,48,43,29,31,31,,13.3,12.9,12.8,12.9,12.3,13.5,,96,47,43,29,31,32,,15.2,14.2,14.7,14.1,14.4,15.3,,99,46,42,29,30,32
,BANNER ACADEMY SOUTH HS,610556,8686,10,,,,12.7,,,,,,,22,,,,,,,11.8,,,,,,,26,,,,,,,12.1,,,,,,,23,,,,,,,12.4,,,,,,,22,,,,,,,13.8,,,,,,,22,,,
Options,BANNER ACADEMY WEST HS,610555,8685,10,,,,12.2,,,,,,,37,,,,,,,10.9,,,,,,,37,,,,,,,11.7,,,,,,,37,,,,,,,11.7,,,,,,,37,,,,,,,14.4,,,,,,,37,,,
,BANNER NORTH HS,610550,8680,10,,,,12.6,,,,,,,18,,,,,,,10.8,,,,,,,19,,,,,,,13.3,,,,,,,19,,,,,,,11.2,,,,,,,18,,,,,,,14.6,,,,,,,18,,,
,BEACON THERAPEUTIC HS,800003,9018,10,,,,,,,,,,,,,8,,,,,,,10.2,,,,,,,13,,,,,,,9.5,,,,,,,11,,,,,,,12.1,,,,,,,10,,,,,,,,,,,,,,9,
,BEST PRACTICE HS,610370,1020,10,14.4,14.9,,,,,,60,44,,,,,,13.3,13.9,,,,,,61,44,,,,,,14,14.7,,,,,,61,44,,,,,,14.3,14.6,,,,,,61,44,,,,,,15.5,15.7,,,,,,60,44,,,,,
OS4,BOGAN HS,609698,1230,10,14.4,14.3,14.3,14.1,14.8,14.4,14.8,395,470,429,377,317,293,219,13.7,13.1,13.3,13.2,14.3,14.4,14.2,399,476,429,378,317,296,222,14.3,13.6,14.2,13.8,14.3,13.9,14.6,398,476,429,378,317,295,222,13.7,13.8,13.9,13.8,14,13.8,14.2,397,475,429,377,317,293,219,15.5,16.1,15.1,15.1,16,15.1,15.7,396,471,429,377,317,293,219
,BOWEN HS,610307,7340,10,13.7,13.4,13,,,,,60,78,39,,,,,12.3,12,11.7,,,,,63,80,43,,,,,12.9,12.6,12.3,,,,,62,80,42,,,,,12.6,13.4,12.7,,,,,66,80,42,,,,,15.4,15,14,,,,,65,79,41,,,,
OS4,BOWEN HS,610323,7540,10,14.5,14,13.2,13.2,13.5,13.5,13.7,57,50,17,121,123,66,99,13,12.8,11.7,11.6,12.5,12.5,12.5,58,51,18,124,128,66,99,14,14,12.4,12.5,13,13.5,13.4,58,51,18,123,127,67,99,14.2,13.1,13.6,13.1,12.8,12.6,12.8,57,50,17,122,124,67,99,15.9,15.7,15.2,14.8,14.9,15,15.5,58,50,17,121,125,67,99
OS4,BRONZEVILLE HS,610381,7270,10,15.3,15.5,15.9,15.4,15.7,16.4,15.2,123,134,114,126,128,118,100,15,14.5,15.5,14.6,15.3,16.7,14.7,123,134,114,126,129,118,101,14.7,15.3,15.9,14.9,15.3,15.4,15.2,123,134,114,126,136,118,101,14.8,15.2,15.8,15.1,14.8,16.1,14.5,123,134,114,126,136,118,101,16,16.7,16,16.3,16.9,17,15.8,123,134,114,126,135,118,100
Network 13,BROOKS HS,609726,1500,10,19,18.7,18.8,19.2,19.9,20.2,19.8,178,183,175,192,171,162,175,19.3,18.5,18.5,18.7,19.9,20.6,19.9,178,183,175,192,171,162,175,18,18,18.6,18.3,18.9,20.1,19.7,178,183,175,192,171,162,175,19,19,18.9,19.7,19.7,19.7,19.4,178,183,175,192,171,162,175,19,18.7,18.6,19.6,20.6,19.7,19.6,178,183,175,192,171,162,175
,CAMELOT THERAPEUTIC HS,800018,9607,10,,,,,,,,,,,,,2,,,,,,,,,,,,,,2,,,,,,,,,,,,,,3,,,,,,,,,,,,,,2,,,,,,,,,,,,,,2,
Military,CARVER MILITARY,609760,1850,10,15.1,15.1,15,15.4,16.1,16.5,16.9,161,154,128,142,117,130,131,14.4,14.1,13.9,14.3,15.5,16.4,16.5,161,154,129,142,117,130,131,15,14.9,15,15.5,15.8,16.6,17,161,154,129,142,117,130,131,14.3,14.5,14.6,14.9,15.5,15.3,16,161,154,128,142,117,130,131,16,16.3,15.8,16.3,17.1,17,17.6,161,154,128,142,117,130,131
Charter,CATALYST CHTR - MARIA,400115,9032,10,,,,,,,17.1,,,,,,,150,,,,,,,16.9,,,,,,,150,,,,,,,16.7,,,,,,,150,,,,,,,16.2,,,,,,,150,,,,,,,18,,,,,,,150
AUSL,CHGO ACAD HS,610340,7770,10,16.6,16.4,16.4,16.3,16.4,16.4,17.4,84,112,109,117,108,129,132,16.8,15.3,15.8,15.7,16.2,16.1,17.3,84,112,110,117,108,129,132,16.6,16.6,16.5,16.2,16.3,16.6,17.1,84,112,109,117,108,129,132,15.3,15.7,16.3,15.6,15.5,15.4,16.3,84,112,109,117,108,129,132,17,17.5,16.6,17.1,17,17.1,18,84,112,109,117,108,129,132
Network 10,CHGO AGR HS,609753,1790,10,17.1,17.2,17.6,17.6,17.8,17.9,18.5,149,135,121,122,143,124,157,17.6,17,16.9,17.2,17.8,17.9,18.7,149,135,121,122,143,124,157,16.5,16.7,17.9,17.5,17.5,18.5,18.4,149,135,121,122,143,126,157,16.2,16.8,17.2,16.9,17.1,16.8,17.5,149,135,121,122,143,126,157,17.4,17.8,17.8,18.3,18.4,17.8,18.8,149,135,121,122,143,126,157
Contract,CHGO ARTS CONTR HS,400022,8047,10,,,16.8,17.2,17.4,18.2,16.8,,,140,143,135,126,138,,,16.4,17.1,17.3,18.5,17.2,,,140,143,135,126,138,,,16.5,16.4,16.9,18,16.3,,,140,143,135,126,138,,,16.7,17.3,16.9,17.7,16.2,,,140,143,135,126,138,,,16.8,17.5,17.8,18.3,17.2,,,140,143,135,126,138
,CHGO DISCOVERY HS,610309,7360,10,13.6,14,13.3,,,,,83,97,78,,,,,12.7,12.5,12.3,,,,,83,97,79,,,,,12.6,13.5,12.9,,,,,83,98,81,,,,,13.2,13.9,13,,,,,84,98,82,,,,,15.3,15.6,14.4,,,,,84,98,81,,,,
Charter,CHGO MATH & SCI ACAD CAMPUS HS,400035,7940,10,14.8,15,15,15.6,16.2,16.6,15.9,63,91,104,70,85,75,78,14.7,14.1,14.4,14.9,15.8,15.8,15.2,63,91,104,70,85,75,78,14.9,14.6,14.9,16.1,16.6,17.3,16.3,63,93,104,70,85,76,78,13.5,15.1,14.3,14.6,15.4,15.9,15.2,63,93,104,70,85,76,78,15.4,16,15.8,16.3,16.6,17,16.5,63,93,104,70,85,76,78
Military,CHGO MILITARY ACAD HS,609754,1800,10,15.6,15.3,15.6,15.6,15.9,16.5,16.2,108,114,131,153,73,64,120,15.6,14,15.1,15.1,15,16.1,15.2,108,115,131,155,73,64,120,15.5,15.4,15.1,15.1,15.8,17.3,16.3,108,114,131,153,73,65,120,14.7,14.8,15.9,15.4,14.7,14.7,15.7,108,114,131,155,73,65,120,16.4,16.4,16.1,16.5,17.5,17.4,17,108,114,131,155,73,65,120
Charter,CHGO TALENT CHTR HS,400093,8053,10,,,13.9,14.5,14,14.3,13.9,,,97,40,44,45,69,,,12.4,13.7,13.1,13.2,12.7,,,97,40,45,46,70,,,13.9,13.9,14.5,14.7,14.3,,,97,40,45,46,70,,,13.8,13.9,13,13.7,13,,,97,40,45,46,69,,,14.8,15.8,15.2,15,14.9,,,97,40,44,45,69
,CHICAGO AA HS,609675,7670,10,12.1,12.1,12,12.5,,,,66,56,74,45,,,,9.9,10.3,10.3,11,,,,66,57,76,45,,,,12.2,11.6,11.6,11.9,,,,69,57,76,45,,,,11.6,12,11.8,11.8,,,,69,57,78,45,,,,14.3,14.2,13.4,14.7,,,,69,56,77,45,,,
Charter,CHICAGO QUEST NORTH,400113,8672,10,,,,,,,,,,,,,,5,,,,,,,,,,,,,,5,,,,,,,,,,,,,,5,,,,,,,,,,,,,,5,,,,,,,,,,,,,,5
Contract,CHICAGO TECH ACADEMY,400091,8022,10,,,15.2,13.7,14.9,14.6,15.7,,,84,76,88,92,99,,,13.8,12.5,14.3,13.9,15.2,,,85,81,88,92,99,,,14.8,13.5,14.6,14.9,15.3,,,84,81,88,92,99,,,15.3,13.2,14.5,13.6,14.9,,,85,78,88,92,99,,,16,14.4,15.5,15.7,16.7,,,85,78,88,92,99
Charter,CHICAGO VIRTUAL CHTR CAMPUS HS,400036,7700,10,17.6,17.1,16.6,16.8,16.7,17.3,16.6,17,14,19,32,37,39,38,17.6,16.2,16.1,15.8,16.2,18,16.3,17,14,19,32,38,39,38,16.2,16.4,16.4,15.9,15.5,16.6,15.8,17,14,19,32,37,39,38,17.5,17.1,16.5,17.4,16.8,17.4,16,17,14,19,32,37,39,38,18.4,17.9,17.2,17.7,17.8,16.8,17.8,17,14,19,32,37,39,38
OS4,CHICAGO VOCATIONAL HS,609674,1010,10,14.4,14.1,13.5,13.9,13.7,13.6,14.6,237,243,209,150,154,154,216,14,13.2,12.6,12.4,12.8,13.3,13.9,239,244,211,150,154,155,216,13.9,13.7,12.9,13.7,13.5,13.2,14.4,239,244,215,150,154,155,216,13.5,13.8,13.5,13.4,12.9,12.4,13.8,238,244,216,150,154,154,216,15.4,15.2,14.4,15.4,15.1,15.1,15.8,237,243,215,150,154,154,216
Charter,CICS - HAWKINS,400108,8110,10,,,13.2,14,13.8,13.2,14.1,,,37,73,68,65,32,,,12.1,12.9,13,13.1,13.7,,,37,73,68,65,34,,,13,14.1,13.3,12.8,12.8,,,37,73,68,66,35,,,12.4,13.5,13.4,12.4,13.3,,,37,73,68,66,34,,,14.6,15.1,15.1,14.6,15.7,,,37,73,68,66,33
Charter,CICS-ELLISON,400032,4911,10,,14.9,14.4,15.1,15.2,15.8,15,,147,155,135,157,146,130,,14.6,14.1,14.3,14.9,15.6,14.7,,147,155,136,158,146,130,,14.1,14.3,14.8,15,15.6,14.7,,148,155,136,158,146,130,,14.4,13.6,14.6,14.1,15.4,14.4,,148,155,136,158,146,130,,16.1,15.2,16.4,16.1,16.1,15.7,,148,155,135,157,146,130
Charter,CICS-LONGWOOD,400033,2420,10,,15.4,14.7,14.8,14.7,14.4,15.1,,135,133,103,73,85,93,,14.8,14,14.3,14.4,13.8,14.8,,135,133,103,78,86,96,,15.3,14.7,14.8,14.3,14.2,14.5,,135,133,103,74,86,95,,14.7,14,14.3,14,13.4,14.6,,135,133,103,73,86,95,,16.3,15.6,15.6,15.4,15.5,15.9,,135,133,103,73,85,96
Charter,CICS-NORTHTOWN,400034,7740,10,,15.9,16.3,16.3,16.3,17.8,17.4,,181,193,240,227,211,221,,15.7,15.6,15.9,16.3,18.4,17.3,,181,193,241,227,211,221,,15.9,16.6,15.7,16,17.7,17.1,,181,193,241,227,211,221,,14.9,16.1,15.8,15.4,16.7,16.8,,181,193,241,227,211,221,,16.8,16.7,17.1,17.3,17.9,18.1,,181,193,240,227,211,221
,CITYWIDE OSS SCHOOLS,610497,959,10,,12.1,,11.9,12.1,,,1,34,2,39,29,,6,,10.4,,10.1,10.9,,,3,38,2,46,31,,6,,10.8,,11,11.1,,,3,36,2,43,31,,6,,12.2,,11.8,11.8,,,1,37,2,39,29,,6,,14.5,,14,14.3,,,1,36,2,40,30,,6
Network 3,CLARK HS,610244,6620,10,14.6,14.4,14.5,14.7,14.8,15,15.1,177,250,181,140,128,109,83,14.5,13.5,13.9,14,14.1,14.2,14.6,177,253,182,140,128,109,85,14,13.8,14.2,14.2,14.6,15.3,14.8,177,254,181,140,128,109,84,14.3,14.1,14.1,14,13.7,14,14,177,252,181,140,128,109,83,15.6,15.7,15,15.9,16.1,16.1,16.1,177,251,181,140,128,109,84
,CLEMENTE AA HS,610401,7980,10,12.5,12.2,12,12.2,12.7,12.3,,43,38,76,49,46,33,,11,10.7,10.4,10.7,11.3,10.6,,43,38,76,51,47,33,,12.1,11,11.7,11.9,12.5,12.4,,43,38,76,50,46,33,,11.9,12.3,11.6,12,11.8,11.6,,44,38,76,49,46,33,,14.4,14.3,13.6,14.1,14.6,14,,44,38,76,49,46,33,
OS4,CLEMENTE HS,609759,1840,10,14.1,14,13.4,14.2,14,14,15.4,295,279,252,144,139,151,174,13.2,12.8,12.6,13,13.1,13.3,14.6,300,282,258,150,139,156,174,13.9,14.2,13.1,14.1,14,13.6,14.9,299,282,257,144,139,153,174,13.2,13.2,12.9,13.9,13.1,12.9,15.1,299,279,253,144,139,152,174,15.4,15.4,14.4,15.5,15.3,15.4,16.7,296,279,254,144,139,151,174
AUSL,COLLINS HS,610499,1045,10,14.7,14.2,14.1,13.8,14.2,14,14.7,100,102,106,104,82,69,101,13.7,13.8,12.8,12.5,13.3,13,14,100,102,106,104,82,69,102,15,13.2,14.2,13.5,14.2,14.1,14.1,100,103,106,104,82,69,102,14.1,13.4,13.5,13.4,13.5,13.6,14.2,100,103,106,104,82,69,101,15.8,15.8,15.4,15.5,15.4,14.9,16.1,100,103,106,104,82,69,101
Contract,COMMUNITY CONTR,400038,1225,10,,13.9,,,,,,,19,,,,,,,12.6,,,,,,,19,,,,,,,13.2,,,,,,,19,,,,,,,14.2,,,,,,,19,,,,,,,14.6,,,,,,,19,,,,,
Network 13,CORLISS HS,609761,1860,10,13.4,13,12.9,13,13.4,13.3,13.7,199,240,144,152,121,74,106,12.6,11.9,11.5,11.3,12.1,11.7,12.9,201,244,162,152,122,75,106,13.4,12.5,12.9,13.1,13.5,13.3,13.4,200,242,159,152,122,94,106,12.4,12.2,12.6,12.5,12.7,12.2,13,200,242,148,152,122,96,106,14.7,14.7,13.9,14.3,14.9,13.9,15,199,241,144,152,121,97,106
,CRANE AA,610378,7660,10,12.1,12.1,11.8,11.4,12.5,13.1,,50,64,66,46,29,17,,10.6,9.7,9.5,9.3,10.8,12.5,,63,66,66,50,29,17,,11.1,11.9,12,10.9,12,11.8,,65,68,68,54,29,17,,11.6,12.1,11.2,11.3,12.2,12.7,,63,68,69,50,29,18,,14.1,14.4,13.9,13.2,14.3,14.7,,61,67,70,52,29,18,
Network 6,CRANE HS,609702,1270,10,12.9,13.7,13.6,13.6,13.7,13.8,,94,63,57,41,38,38,,11.4,12,12.2,11.8,12.3,12.9,,105,64,60,41,38,39,,12.4,13.2,13.3,14,13.2,12.9,,105,65,58,41,38,39,,12.7,13.7,13.2,12.5,12.9,12.7,,102,66,58,41,38,40,,14.1,15.9,14.9,15.5,15.7,15.6,,99,66,57,41,38,39,
Network 8,CURIE HS,609756,1820,10,15,15.4,15,15.2,15.7,16.2,16.2,834,961,877,625,730,601,676,14.4,14.2,14.2,14.1,15.2,16.1,16,835,962,878,625,730,602,676,15,15.4,15.3,15.1,15.8,16.7,16.4,839,963,877,627,730,602,678,14.1,14.9,14.6,14.9,14.7,14.8,15.1,838,962,877,627,730,602,679,15.9,16.3,15.4,16.2,16.5,16.8,16.8,839,962,877,627,730,601,680
Network 3,DOUGLASS HS,610245,6630,10,13.7,14.3,13.5,13.6,13.6,13.5,13.7,112,111,64,74,69,66,62,12.5,12.7,12.9,12.2,12.3,13,12.3,112,125,64,82,77,66,64,13.6,13.4,12.8,13.2,13.3,12.9,14.6,112,125,64,83,77,66,62,13.2,13.5,13.5,13.6,12.9,12.8,13,112,125,64,81,74,66,64,15.1,16,14.4,14.5,15,14.9,14.4,112,128,64,76,69,66,64
Network 9,DUNBAR HS,609676,1030,10,14.4,13.9,13.8,13.8,13.8,14,14.1,258,421,389,271,294,268,255,14,12.8,12.5,12.5,12.9,13.6,13.5,264,427,390,274,298,270,256,13.9,13.5,13.7,13.5,13.3,13.8,14,267,426,390,276,299,270,256,13.9,13.3,13.7,13.3,13.2,13,13.1,268,422,390,276,297,270,256,15.3,15.3,14.7,15.3,15.2,15.1,15.3,262,421,389,273,295,268,255
Network 9,DYETT HS,609736,1600,10,13.5,12.9,13.1,13.5,14.3,13.4,,91,89,83,75,22,35,,12.8,11.6,11.5,13,13.4,12,,93,89,84,77,22,35,,13.2,12.5,13.2,12.4,14.2,13.5,,93,89,85,76,22,35,,12.8,12.3,12.6,12.8,12.8,12.5,,91,89,84,75,22,35,,14.6,14.8,14.7,15.1,16.2,14.8,,91,89,85,75,22,35,
,ENTREPRENEURSHP HS,610311,7380,10,13.2,13.2,13,,,,,100,84,52,,,,,12,11.5,12,,,,,100,84,52,,,,,13.1,13,12.7,,,,,100,84,52,,,,,12.3,12.7,12.5,,,,,100,84,52,,,,,14.7,15.1,14.7,,,,,100,84,52,,,,
Charter,EPIC CHTR HS,400094,8058,10,,,14.8,14.6,15.1,15.8,15.7,,,79,108,104,118,129,,,13.8,13.9,14.6,15.9,15.4,,,79,108,104,118,129,,,14.6,14.2,14.7,15,14.9,,,79,108,104,118,130,,,14.6,14,14.2,14.5,15.3,,,79,108,104,118,130,,,15.9,16.1,16.5,17.4,16.9,,,79,108,104,118,130
Network 7,FARRAGUT HS,609704,1300,10,14.1,14.7,14.2,14.5,14.7,14.7,14.8,355,326,311,266,220,244,207,13.2,12.9,12.8,13,13.3,13.6,13.9,357,326,314,269,221,245,208,14.2,14.9,14.5,14.9,15.2,14.9,15.1,357,326,313,269,221,245,208,13.1,14.1,13.5,13.8,13.5,13.5,13.6,355,326,312,266,220,245,208,15.5,16.5,15.6,15.7,16.2,16,16.1,355,326,311,266,220,244,207
,FENGER AA HS,609706,7970,10,12.2,11.8,12.3,11.8,12.7,,,29,18,41,33,11,9,,10.2,9.5,11.3,10.4,9.4,,,29,21,41,36,11,9,,12,10.9,11,10.5,13.3,,,29,21,41,36,11,9,,11.8,11.4,12.2,10.6,12.6,,,29,32,41,34,11,9,,14,13.7,13.8,14.2,14.7,,,29,33,41,33,11,9,
Network 13,FENGER HS,609705,1310,10,13.3,13.2,13.2,14,14.4,13.6,13.8,222,160,167,82,69,64,97,12.2,11.7,12.2,13.1,13.7,13.3,13.4,225,170,169,83,69,64,97,12.9,12.9,13,13.8,14.4,13.6,13.4,226,182,169,83,69,64,97,12.7,12.7,12.5,13.2,13.7,12.5,13,226,177,167,83,69,64,97,14.9,14.6,14.5,15.3,15.4,14.8,14.9,223,187,167,82,69,64,97
Charter,FORD CHTR HS,400042,1165,10,,14.6,13.7,13.6,14.5,,,,106,107,95,122,,,,13.8,12.6,12.3,13.7,,,,108,108,96,122,,,,13.9,13.7,13.1,14.3,,,,109,108,97,122,,,,14.1,13.4,13.2,14,,,,108,110,97,122,,,,16,14.5,15.1,15.6,,,,108,110,97,122,,
Network 1,FOREMAN HS,609708,1330,10,14.1,14.1,13.7,14.1,14.2,14.5,15.3,417,442,448,356,340,253,274,13,12.6,12.7,12.8,12.9,13,13.9,422,442,454,357,344,258,277,14,14.1,13.8,14.5,14.6,15.4,16.2,422,442,454,357,343,257,277,13.2,13.7,13,13.5,13.4,13.4,14.1,421,442,453,357,341,256,276,15.6,15.7,14.8,15.1,15.5,15.7,16.5,417,442,448,356,340,253,274
Network 8,GAGE PARK HS,609709,1340,10,14.2,14.4,13.8,14,13.8,13.8,14.2,284,302,234,144,151,156,95,13.2,13.1,12.5,12.8,12.7,13.4,13.1,284,302,234,144,151,158,96,14.1,14.4,13.6,14.4,13.7,13.4,13.8,284,302,234,144,154,158,97,13.5,14.1,13.5,13.5,13.2,12.7,13.8,284,302,234,144,153,156,96,15.4,15.7,14.9,15.1,15.3,15.1,15.4,284,302,234,144,153,156,96
Network 5,GEORGE WESTINGHOUSE HS,609693,1160,10,,,17.2,18.6,17.9,18.9,19.2,,,250,270,248,244,280,,,16.4,18.5,17.4,19.2,18.9,,,250,270,248,244,280,,,17.1,18.1,17.9,19.3,19.4,,,250,270,249,244,280,,,17.1,18,17,18.2,18.2,,,250,270,249,244,280,,,17.6,19.3,18.9,18.4,19.7,,,250,270,249,244,280
,GLOBAL VISIONS HS,610324,7550,10,14,14,12.8,,,,,48,44,24,,,,,12.3,13.5,11.5,,,,,48,44,24,,,,,13.6,13.2,12.7,,,,,48,44,26,,,,,14,13.4,11.2,,,,,48,44,26,,,,,15.2,15.8,14.2,,,,,49,44,26,,,,
Network 10,GOODE ACAD HS,610558,9598,10,,,,,,,17,,,,,,,211,,,,,,,16.9,,,,,,,211,,,,,,,16.9,,,,,,,211,,,,,,,16.2,,,,,,,211,,,,,,,17.6,,,,,,,211
Network 7,GREATER LAWNDALE HS,610383,7600,10,14.6,14.7,14.7,15.5,14.5,15.1,15.2,76,79,78,81,92,92,67,14,13.7,13.7,14.4,14,15.6,15,76,79,78,81,92,92,67,14.6,14.9,14.5,15.1,14.4,15,15.3,76,79,78,81,92,92,67,13.5,13.9,14.1,15.4,13.7,13.6,14.1,76,79,78,81,92,92,67,15.7,16,15.8,16.8,15.6,15.9,16.3,76,79,78,81,92,92,67
OS4,HANCOCK HS,609694,1200,10,14.8,15.1,15.2,15.8,15.8,16,16.1,218,168,245,174,238,239,192,14.3,13.8,13.9,15.1,15.6,15.9,15.9,218,170,245,174,238,239,194,14.7,14.8,15.6,15.5,15.2,15.8,15.9,218,169,245,174,238,241,193,14,14.7,14.9,15.4,15,15.1,15.3,218,170,245,174,238,242,193,15.8,16.4,15.8,16.7,17.2,16.8,16.8,218,169,245,174,238,242,192
Network 12,HARLAN HS,609710,1350,10,13.9,14.3,13.8,13.7,14.3,13.8,14.4,272,263,260,309,191,157,159,13.4,13.4,12.9,12.2,13.7,13.5,13.9,274,263,261,313,195,160,159,13.4,13.5,13.4,13.2,13.9,12.9,13.6,274,263,261,313,197,167,168,13.3,13.8,13.2,13.4,13.2,13,14,273,263,261,312,195,167,171,14.9,15.9,15,15.2,15.4,15.1,15.6,272,263,260,311,193,165,172
Network 11,HARPER HS,609711,1360,10,13.5,13.7,13.8,13.8,14.1,14.1,14.2,151,130,111,125,71,86,96,12.5,12.2,12.5,12.6,13.5,13.9,13.5,151,132,111,126,71,86,96,13.2,13.4,13.9,13.2,13.5,13.7,14.3,151,131,111,126,71,86,96,12.6,13.2,13.2,13.4,13.5,13.2,13.1,151,130,111,126,71,86,96,15.2,15.3,14.8,15.4,15.5,15,15.4,151,131,111,125,71,86,96
,HILLSIDE ACAD EAST THERAPEUTIC HS,800008,9023,10,,,,,,,,,,,,,6,7,,,,,,,,,,,,,6,7,,,,,,,,,,,,,6,7,,,,,,,,,,,,,6,7,,,,,,,,,,,,,6,7
Network 12,HIRSCH HS,609712,1380,10,13.3,12.9,12.3,13,13.7,12.7,13.5,149,134,73,59,63,59,42,12.4,11.1,9.8,11.1,13.1,12.3,13,150,135,74,60,63,62,42,13,12.2,12.5,13,13.5,12.2,13.2,150,137,79,61,63,64,42,12.3,12.9,12.2,12.5,12.7,11.6,13,150,137,80,61,64,62,42,15,14.9,13.8,14.7,14.8,14.2,14.4,149,136,80,62,63,61,42
Network 11,HOPE HS,609768,1940,10,14.1,13.7,13.5,14.3,13.8,14,14.2,198,166,134,122,100,100,66,13.5,12.6,12.2,13.3,13.4,13.6,13.7,202,167,134,124,101,100,66,14.1,13.3,13.4,13.8,13.3,13.8,14,203,167,134,124,102,100,66,13,13,13.3,14,13,12.8,13,202,166,134,122,101,100,66,15,15.4,14.7,15.7,15.4,15.4,15.7,200,167,134,122,101,100,66
Network 10,HUBBARD HS,609741,1670,10,15.4,15.6,15.5,15.4,15.4,15.7,15.8,397,413,401,348,436,481,411,14.7,14.7,14.5,14.5,14.9,15.1,15.7,398,414,401,348,436,481,411,15.3,15.4,15.6,15.3,15.3,16,15.3,398,414,402,348,439,481,411,14.7,15.1,15.3,15,14.2,14.4,15.1,399,414,401,348,439,481,411,16.2,16.7,15.9,16.1,16.7,16.6,16.6,399,413,401,348,439,481,411
Network 9,HYDE PARK HS,609713,1390,10,14.7,14.4,14,14.2,14.3,14.7,15,406,414,365,273,241,159,179,14.4,13.8,13.5,13.2,13.5,14.7,14.6,412,417,368,275,244,159,179,13.9,13.9,13.7,13.9,13.7,14,14.6,412,417,366,275,245,160,179,14.5,13.6,13.5,13.6,13.7,14,14.3,407,415,365,275,244,160,179,15.4,15.6,14.8,15.4,15.8,15.6,16,406,414,365,274,242,160,179
,IDOC/HEALY HS,610371,1770,10,13.9,14.1,13.1,,,,,22,27,31,,,,,12.1,12.3,12.4,,,,,22,30,31,,,,,13.8,13.6,12.9,,,,,22,28,31,,,,,14,13.8,12,,,,,22,28,31,,,,,15.1,15.9,14.4,,,,,22,27,31,,,,
Network 7,INFINITY HS,610384,7680,10,14.9,14.9,15.4,16.7,16.7,16.9,16.9,61,75,88,95,95,98,113,14.4,13.4,14.5,15.3,15.8,15.9,15.8,61,75,88,95,95,98,113,15.2,14.8,16.2,17.7,17.3,18.1,17.8,61,75,88,95,95,98,114,13.2,14.3,14.4,15.6,15.6,15.8,15.6,61,75,88,95,95,98,115,16.2,16.7,16,17.8,17.6,17.5,18.2,61,75,88,95,95,98,115
Charter,INSTITUTO ACAD CHTR,400104,8026,10,,,,15.7,15.6,15.6,16.2,,,,136,165,162,191,,,,14.9,14.6,14.5,15.7,,,,136,167,162,191,,,,15.2,15.4,16,16.2,,,,136,166,162,191,,,,15,14.8,14.8,15.2,,,,136,167,162,191,,,,17.2,17.1,16.8,17.3,,,,136,165,162,191
Options,JEFFERSON ALT HS,609783,2120,10,12.5,12.9,,,,,,58,42,8,,,0,,10.9,12.2,9.7,,,,,71,45,12,,,0,,11.9,12.4,7.6,,,,,70,45,11,,,1,,11.9,12.3,,,,,,66,42,8,,,1,,13.7,13.7,,,,,,58,42,8,,,1,
,JEWISH CHILD FAMILY THERAPEUTIC HS,800011,9026,10,,,,,,,14.9,,,,,,1,14,,,,,,,14.4,,,,,,2,14,,,,,,,14.2,,,,,,1,14,,,,,,,14.1,,,,,,1,14,,,,,,,16.2,,,,,,1,14
Network 6,JONES HS,609678,1060,10,21.1,21.4,21.1,22.1,22.6,23,23.2,174,195,213,179,181,188,248,21.8,21.8,20.5,21.9,22.9,23.9,23.5,174,196,213,179,181,188,249,19.9,21.2,21.7,21.6,22.3,23.4,23.5,174,200,213,179,181,188,249,21,20.9,20.9,22.6,22.2,22.6,22,174,199,213,179,181,188,249,21.2,21.1,20.8,21.7,22.6,21.6,23.1,174,201,213,179,181,188,248
OS4,JUAREZ HS,609764,1890,10,14.8,14.8,14.8,15.3,15,15.6,15.2,309,326,291,347,382,290,449,13.8,13.3,13.4,13.9,14.4,15.4,14.8,310,326,292,347,383,290,449,14.9,15,15.5,15.4,15.3,15.9,15.1,310,326,292,347,382,290,449,14,14.4,14,14.9,14,14.4,14.1,309,326,291,347,383,290,449,15.8,16,15.6,16.6,16,16.4,16.1,309,326,291,347,383,290,449
OS4,JULIAN HS,609762,1870,10,13.7,14.2,14,14.5,14.4,14.6,14.8,288,372,200,253,270,233,179,13.2,13.3,13.2,13.8,14,14.2,14.4,289,374,200,254,270,238,179,13.5,13.6,13.5,13.8,14,14.1,14.7,289,374,201,254,270,237,179,12.7,13.6,13.8,14.4,13.6,13.7,14.1,288,374,201,253,270,234,179,14.7,15.6,14.9,15.6,15.4,15.5,15.7,288,372,201,253,270,233,179
OS4,KELLY HS,609715,1400,10,15.2,15.2,14.6,15.4,14.8,15.3,16.3,720,811,713,645,652,568,524,14.9,14,14.1,14.6,13.9,15.2,15.8,720,811,713,645,652,568,525,15,15.3,14.9,15.4,15.2,15.9,16.7,720,811,715,645,652,568,525,14.3,14.4,13.7,14.9,13.7,13.7,14.9,720,811,715,645,652,568,524,16.1,16.5,15.2,16.1,15.9,16.1,17.1,720,811,715,645,652,568,524
OS4,KELVYN PARK HS,609716,1410,10,14.1,13.8,13.8,14.2,14.7,15.1,15.1,267,350,217,173,201,239,148,12.9,12.3,12.5,13.3,13.8,14.4,14.5,267,350,218,173,201,239,148,14.1,13.8,14,13.7,14.7,14.8,14.9,267,350,218,173,201,239,148,13.5,13.3,13.1,14,14,14.2,14.6,267,350,217,173,201,239,148,15.4,15.2,14.8,15.2,15.9,16.4,16.1,267,350,217,173,201,239,148
Network 10,KENNEDY HS,609718,1420,10,14.9,15.4,16.1,16.3,16.8,17.2,16.9,381,360,306,313,296,314,354,14.2,14.6,15.6,15.7,17.2,18.3,17.4,382,360,306,313,297,316,354,15,15.3,16.3,16.3,16.1,16.8,17,382,360,306,313,297,316,354,14.2,15,15.6,15.6,16.2,16.2,15.7,383,360,306,313,297,315,354,15.8,16.4,16.3,16.9,17.1,16.9,17.2,383,360,306,313,296,316,354
Network 9,KENWOOD HS,609746,1710,10,16.1,17,16.7,17,17,17.8,17.7,322,301,414,372,377,305,335,15.9,16,16.2,16.8,16.8,18,17.8,322,301,415,372,377,305,338,15.8,16.8,16.8,16.3,16.9,17.7,17.3,322,301,415,372,377,305,337,15.5,16.5,16.3,16.6,16,16.8,16.7,322,301,415,372,377,305,335,16.6,18.1,17.1,17.7,17.9,18.2,18.4,322,301,417,372,377,305,335
Network 9,KING HS,609751,1760,10,17,17.9,18.1,18.9,18,18.4,19.5,214,212,217,197,188,186,200,17,17.3,18,18.7,17.7,19.3,19.6,214,212,217,198,189,186,200,16.4,17,17.9,17.7,17.5,17.9,18.9,214,212,218,199,189,186,201,16.6,18.1,18,18.9,17.4,17.8,18.6,214,212,218,200,188,186,201,17.3,18.5,18,19.6,19,18.2,20.1,214,212,218,201,188,186,201
Network 2,LAKE VIEW HS,609719,1430,10,16,16.1,16.9,16.9,16.9,17.3,16.8,426,303,329,330,307,322,298,15.3,14.8,15.7,15.8,16.2,16.5,16.1,426,303,329,332,307,322,299,16.1,16.2,17.6,17.1,17.1,18,17,426,303,329,331,307,322,299,15.2,15.6,16.6,16.8,15.7,16.5,16.2,426,303,329,330,307,322,298,16.7,17.2,17.2,17.6,17.9,17.8,17.5,426,304,331,330,307,322,299
Network 4,LANE HS,609720,1440,10,19.7,20,20.2,21.1,20.5,21.2,22.4,974,1002,989,1001,1110,1108,751,19.9,19.7,19.3,20.2,20.5,21.9,22.3,975,1002,989,1001,1110,1108,751,19.1,20,20.8,21.2,20,21.6,23.2,975,1002,990,1001,1110,1108,751,19.6,19.9,20.1,21.2,20.1,20.7,21.2,974,1002,990,1001,1110,1108,751,19.7,19.8,19.9,21.3,20.8,20.1,22.3,974,1002,990,1001,1110,1108,751
,LAS CASAS HS,609765,1910,10,11.2,,,,,,,16,1,,,,,,9.3,,,,,,,19,1,,,,,,10.1,,,,,,,17,1,,,,,,11.6,,,,,,,16,1,,,,,,13.4,,,,,,,16,1,,,,,
,LAWRENCE HALL THERAPEUTIC HS,800012,9027,10,,,,,,10.8,,,,,,,13,,,,,,,9.8,,,,,,,14,,,,,,,9.2,,,,,,,13,,,,,,,10.4,,,,,,,13,,,,,,,13.1,,,,,,,13,
Charter,LEGAL PREP CHTR - ACADEMY,400119,9036,10,,,,,,,16.3,,,,,,,78,,,,,,,15.4,,,,,,,78,,,,,,,16.4,,,,,,,78,,,,,,,15.7,,,,,,,78,,,,,,,17.1,,,,,,,78
Network 4,LINCOLN PARK HS,609738,1620,10,18.5,18.9,19,19.4,19.1,19.8,19.8,442,502,435,519,546,510,410,18.5,18.5,18.3,18.8,19,20.4,19.7,443,505,435,519,548,510,410,18.4,18.6,19.7,19,18.7,19.6,20.2,443,505,435,519,548,510,410,18,18.9,18.9,19.7,18.7,19.4,18.8,442,504,435,519,546,510,410,18.7,19.2,18.8,19.4,19.4,19,20.1,443,502,436,519,547,510,410
Network 11,LINDBLOM HS,610391,7110,10,18.4,19.1,19.3,19.6,19.2,19.7,20.9,211,135,161,210,184,155,207,18.1,18.7,18.4,18.9,19.1,20.5,21.2,211,136,162,211,184,156,207,18.1,19.2,20.3,19.3,19,19.9,21.3,213,136,162,216,184,156,207,18,18.4,18.5,19.7,18.2,18.7,19,213,139,162,216,184,156,207,18.7,19.2,19.3,19.8,20,19.1,21.5,213,139,162,216,184,155,207
Options,LITTLE BLACK PEARL ACADEMY HS,400137,9054,10,,,,,13.7,,,,,,,39,,,,,,,13,,,,,,,40,,,,,,,13.1,,,,,,,40,,,,,,,12.6,,,,,,,39,,,,,,,15.1,,,,,,,39,,
Network 5,MANLEY HS,609722,1460,10,13.8,13.5,13,13.6,13.5,13.2,14.6,189,159,101,73,105,69,85,12.4,12,11.6,12,12.3,12.6,13.8,191,166,114,74,109,71,86,13.9,13.2,12.9,13.2,12.7,12.7,14.2,191,162,113,74,106,71,86,13,12.9,12.4,13.7,13,12.6,13.9,190,162,111,74,105,71,86,15.1,15.3,13.9,15.1,15.2,14.5,15.7,189,161,102,73,105,69,85
Military,MARINE MILITARY HS,610502,1085,10,16.2,15.9,15.3,15.7,15.9,15.9,17,93,95,99,94,78,83,100,16,14.5,14.7,14.5,15.3,15.7,16.4,93,97,99,94,78,83,100,15.9,16,15.3,16,16,16,16.9,93,97,99,94,78,83,101,15.2,15.5,14.9,15,14.6,14.9,16.7,93,95,99,94,78,83,101,16.7,17,15.7,16.6,17.1,16.4,17.7,93,97,99,94,78,83,101
Network 5,MARSHALL HS,609723,1470,10,12.8,13.4,13.4,13.8,14.4,14.5,14.3,214,186,108,128,98,114,86,11.4,11.9,12.4,12.9,13.7,15.5,13.7,217,233,111,128,99,114,87,12.5,12.7,13.2,13.6,14.6,14.3,14.1,216,205,111,128,98,114,87,12.2,13,13,13.3,13.7,12.8,13.8,216,203,110,128,98,114,87,14.4,14.8,14.5,14.8,15.2,14.9,15,215,203,109,128,98,115,86
,MASON HS,610535,8025,10,,,13.9,15.6,13.6,15,,,,16,14,12,12,,,,12.3,14.8,12.5,14.2,,,,16,14,12,12,,,,13.1,14.4,14,14.9,,,,16,14,12,12,,,,14.2,14.9,12.7,14.8,,,,16,14,12,12,,,,15.5,17.1,15,15.8,,,,16,14,12,12,
Network 2,MATHER HS,609724,1480,10,15.5,15.3,15.6,15.5,15.8,15.8,16.5,310,334,354,333,348,310,368,15,14,14.8,14.5,15.1,15.1,15.8,310,335,354,333,348,310,368,15.1,15.5,15.5,15.7,15.9,16,16.8,310,335,354,333,348,310,368,15.1,14.4,15.1,15,14.9,15.1,15.5,310,335,354,333,348,310,368,16.4,16.6,16.4,16.5,16.9,16.5,17.3,310,334,354,333,348,310,368
,MILBURN ALTERNATIVE HS,610552,8682,10,,,,15.3,,,,,,,11,,,,,,,12.9,,,,,,,11,,,,,,,15.3,,,,,,,11,,,,,,,15.7,,,,,,,11,,,,,,,16.9,,,,,,,11,,,
OS4,MORGAN PARK HS,609725,1490,10,15.9,15.6,15.9,16.1,16.2,16.6,16.2,334,359,396,346,233,219,274,15.7,15,15.4,15.8,16,16.9,16.2,341,365,396,346,238,222,274,15.6,15.4,16.1,15.8,15.9,16.5,15.8,338,364,396,346,236,221,274,15.4,14.8,15.2,15.6,15.6,15.7,15.5,337,363,396,346,235,220,274,16.2,16.6,16.3,16.6,16.8,16.9,16.8,335,361,396,346,234,220,274
Network 7,MULTICULTURAL ACAD SCHOLARSHIP,610385,7630,10,14.7,14.5,14.2,14.5,13.7,13.6,14.4,55,88,108,96,67,59,66,13.9,13.6,13.1,13.5,12.7,13,13.2,56,88,108,96,67,59,66,14.5,14.3,14,14.1,13.8,13.7,14.2,57,88,109,96,70,60,66,13.7,14.1,14.1,14.7,12.9,12.4,13.7,57,88,109,96,70,60,66,16,15.6,15.4,15.3,15.2,14.9,16.3,56,88,109,96,70,60,66
Charter,NOBLE ST CHTR-CHGO BULLS,400097,8078,10,,,16.4,16.8,16.9,19,19.9,,,176,221,228,227,253,,,16.1,16.5,16.6,18.7,20,,,176,221,228,227,253,,,16.7,16.7,17.3,19.2,21.5,,,176,221,228,227,253,,,15.7,15.9,15.1,17.2,17.5,,,176,221,228,227,253,,,16.6,17.6,18,20.7,20.1,,,176,221,228,227,253
Charter,NOBLE ST CHTR-COMER,400052,1935,10,,16.3,15.8,16.2,16.7,18.1,17.2,,107,170,170,149,158,182,,15.8,15.8,16,16.3,18.3,17.3,,107,170,170,149,158,182,,16.2,15.8,15.6,16.9,17.7,17,,107,170,170,149,158,182,,15.3,15.1,15.9,15.5,17.6,16.3,,107,170,170,149,158,182,,17.1,16,16.8,17.4,18.6,17.5,,107,170,170,149,158,182
Charter,NOBLE ST CHTR-GOLDER,400053,1934,10,15.9,16.7,17.1,17.8,18.2,19,17.7,130,138,112,135,122,146,159,16,16.2,16.6,17.9,17.9,18.6,17.2,130,138,112,135,122,146,159,16,16.7,17.6,17,18.9,19.3,19.3,130,138,112,135,122,146,159,15,15.7,16.1,17.4,16.6,17.7,15.8,130,138,112,135,122,146,159,16.4,17.6,17.3,18.3,18.9,19.9,18,130,138,112,135,122,146,159
Charter,NOBLE ST CHTR-MUCHIN,400098,8079,10,,,16.7,18,17.8,19.9,20,,,210,249,190,206,183,,,16.2,18.1,18.2,20.1,21.1,,,210,249,190,206,184,,,16.9,17.4,17.9,19.8,20.4,,,210,249,190,206,183,,,16.1,17.1,16.6,18.8,18.4,,,210,249,190,206,184,,,17.1,18.7,18.5,20.2,19.7,,,210,249,190,206,184
Charter,NOBLE ST CHTR-NOBLE,400051,1930,10,16.6,17.6,16.6,17.1,16.8,18.3,19.3,127,127,140,142,135,159,151,17.2,17.7,16.6,17.1,16.9,18.5,20.2,127,128,140,142,135,159,151,16.8,17.7,16.7,17.2,17.3,17.8,20.7,127,127,140,142,135,159,151,15.1,16.7,15.6,16.2,15.3,17.4,17.2,127,127,140,142,135,159,151,16.7,18.1,16.8,17.6,17.4,19,18.8,127,127,140,142,135,159,151
Charter,NOBLE ST CHTR-PRITZKER,400054,1931,10,17.2,17.2,17.4,17.8,18.1,19.5,19.1,122,129,185,173,195,211,214,18.1,17.7,17,17.8,18.5,19.7,19.2,122,129,185,173,195,211,214,16.6,17.3,18.2,17.6,19,19.4,20,122,129,185,173,195,211,214,16.3,15.8,16,16.9,15.9,18.1,17.2,122,129,185,173,195,211,214,17.4,17.8,17.9,18.2,18.4,20.3,19.3,122,129,185,173,195,211,214
Charter,NOBLE ST CHTR-RAUNER,400055,1932,10,16.8,17.1,16.9,16.8,16.8,18.8,18.4,114,129,144,147,134,157,154,17.2,17,16.4,16.3,16.5,18.6,17.8,114,129,144,147,134,157,154,17.1,17.3,17.5,16.9,16.8,19.2,19.2,114,129,144,147,134,157,154,15.3,16,16,16.2,15.5,17.4,17.4,114,129,144,147,134,157,154,17,17.7,17.2,17.4,18,19.7,18.6,114,129,144,147,134,157,154
Charter,NOBLE ST CHTR-ROWE CLARK,400056,1933,10,16.1,16.2,15.7,16.4,16.7,17.8,17.2,119,139,146,111,144,160,152,16.3,16.3,15.1,16.2,17,18,17.1,119,141,146,111,144,160,152,15.9,15.9,15.9,15.9,16.5,16.7,16.9,119,141,146,111,144,160,152,15,15.4,14.9,15.6,15.7,17.2,16.7,119,139,146,111,144,160,152,16.5,16.8,16.4,17.1,17.2,18.5,17.4,119,139,146,111,144,160,152
Charter,NOBLE ST CHTR-UIC,400057,1936,10,,18,17.6,17.6,18.6,20.3,19.7,,164,203,223,185,199,204,,17.6,16.7,17.3,18.5,19.9,20.3,,164,203,223,185,199,205,,18.6,19,17.5,19,20.2,20.4,,164,203,223,185,199,204,,16.9,16.6,17.2,17.3,19,17.5,,164,203,223,185,199,205,,18.4,17.6,18,19.1,21.4,19.9,,164,203,223,185,199,205
Charter,NOBLE STREET CHTR - JOHNSON,400106,8028,10,,,,16.7,16.6,18.5,17.7,,,,135,156,173,202,,,,17.5,16.7,19.4,18.8,,,,135,156,173,202,,,,15.7,16.2,17.1,16.9,,,,135,156,173,202,,,,15.6,15.1,17.2,16.3,,,,135,156,173,202,,,,17.4,18,19.5,18.3,,,,135,156,173,202
Charter,NOBLE STREET CHTR - PURPLE,400118,9035,10,,,,,,,17.5,,,,,,,163,,,,,,,17.6,,,,,,,163,,,,,,,17.3,,,,,,,163,,,,,,,16.2,,,,,,,163,,,,,,,18.3,,,,,,,163
Charter,NOBLE STREET CHTR - SILVER,400117,9034,10,,,,,,,18.4,,,,,,,193,,,,,,,18.9,,,,,,,193,,,,,,,18.1,,,,,,,193,,,,,,,17.1,,,,,,,193,,,,,,,18.9,,,,,,,193
Network 5,NORTH-GRAND HS,609691,1140,10,13.7,14,14.2,14.5,14.6,14.3,15.1,225,245,209,179,208,165,249,12.8,12.6,13,13.1,13.7,13.6,14.3,228,245,209,179,208,167,250,13.8,14.1,14.2,14.3,14.8,14.8,15.1,226,245,209,179,208,167,250,12.7,13.6,13.8,14.2,13.9,13.2,14.1,227,245,209,179,208,165,249,15,15.1,15.2,15.9,15.7,15.2,16.1,226,245,209,179,208,165,249
Network 1,NORTHSIDE PREP HS,609749,1740,10,23.2,24.5,24.7,24.6,24.6,24.9,25.7,298,246,252,252,261,265,254,23.7,24.7,24.1,24.3,24.9,25.6,25.6,298,246,252,252,261,265,254,23,25.1,25.4,24.8,24.4,24.9,26.5,298,246,252,252,261,265,254,23,23.9,24,25,24.3,24.8,24.1,298,246,252,252,261,265,254,22.7,23.9,24.8,23.9,24.2,23.6,26.1,298,246,252,252,261,265,254
Charter,NTH LAWNDALE CHTR-CHRISTIANA,400058,1105,10,15.1,15.4,15,14.8,14.7,14.3,15.3,96,109,103,122,99,86,99,14.4,14.6,13.7,13.6,14,14,14.9,96,109,103,123,100,87,99,15.1,15.5,15.2,15.3,14.4,14.9,15.1,96,109,103,123,100,87,99,14.3,14.4,14.8,14,13.8,13.1,14.6,96,109,103,123,99,87,99,16.1,16.8,15.7,15.9,15.8,14.5,16,96,109,103,122,99,86,99
Charter,NTH LAWNDALE CHTR-COLLINS,400059,1106,10,15,14.8,14.3,15,14.8,15,14.4,99,114,86,107,102,87,107,14.4,13.6,13,14,13.4,14.6,13.2,99,114,86,107,102,87,107,15,15.2,14.7,15.3,15,15.4,15.1,99,114,86,107,102,87,107,14.3,13.9,13.9,14.3,13.9,14.4,13.2,99,114,86,107,102,87,107,15.9,15.9,15.3,15.9,16.1,15.3,15.7,99,114,86,107,102,87,107
Network 6,OGDEN HS,610529,8083,10,,,15.9,16.1,16.3,16.4,18.4,,,97,102,138,126,106,,,14.7,15,16.1,16.2,18.8,,,102,103,138,126,106,,,14.9,15.3,16,15.9,18.4,,,100,105,138,130,106,,,16.3,16.3,15.7,15.9,17.1,,,99,104,138,131,106,,,16.9,16.9,17.1,17.2,19,,,99,104,138,131,106
AUSL,ORR HS,610389,1830,10,13.2,13.5,13.4,13.6,14.1,13.3,13.8,213,303,167,166,116,102,77,12,12.1,12.3,12.4,12.9,12.2,12.7,215,305,167,166,116,102,77,12.5,13,13.2,13.1,14.1,13.8,13.8,213,306,167,166,116,102,77,12.8,13.1,12.8,13.3,13.5,12.1,13.5,232,305,167,166,116,102,77,14.7,15.3,14.7,15.1,15.5,14.8,14.8,232,305,167,166,116,102,77
Options,PATHWAYS EDUCATION HS,610557,8687,10,,,,14.8,,,,,,,19,,,,,,,14.8,,,,,,,19,,,,,,,14.5,,,,,,,19,,,,,,,14.5,,,,,,,19,,,,,,,15.2,,,,,,,19,,,
Network 6,PAYTON HS,609680,1090,10,23.3,23.4,23.3,23.7,23.7,24.1,25.2,249,205,238,139,232,219,198,23.1,23.3,22.7,23.1,24.1,25.1,25.3,249,205,238,139,232,219,198,23.6,24.1,23.8,23.9,23.9,24,25.9,249,205,238,139,232,219,198,23,22.9,23.4,23.9,22.7,23.9,23.8,249,205,238,139,232,219,198,23,22.7,23.2,23.6,23.6,23,25.5,249,205,238,139,232,219,198
Options,PEACE & EDUCATION HS,610386,1123,10,13.9,13.5,13.3,13.5,,,,10,40,23,46,,,,13.3,12,12.3,12.1,,,,10,40,23,48,,,,13.1,12.8,13.3,12.8,,,,10,40,23,50,,,,14.7,13.6,13,13.2,,,,10,41,23,49,,,,14.8,15.6,14.5,14.5,,,,10,41,23,48,,,
Charter,PERSPECTIVES CHTR - LEADERSHIP ACADEMY,400061,1961,10,15,14.4,14.2,14.7,15.2,15.1,15.5,101,103,123,95,139,130,104,14.6,13.4,13.5,13.7,14.9,15.1,15.3,101,105,124,95,140,131,104,14.9,13.9,13.8,14.6,14.4,14.7,14.9,101,105,127,96,140,131,104,14.5,13.9,13.7,14.1,14.3,14.2,14.9,101,105,127,96,139,130,104,15.4,15.8,15.3,16,16.6,16.1,16.3,101,105,126,96,140,130,104
Charter,PERSPECTIVES CHTR CALUMET TECH,400062,1962,10,15,15.4,14.4,15,14.8,15,15.5,99,110,142,107,138,129,108,14.9,14.7,13.7,14.3,13.8,14.3,14.6,99,110,142,108,140,129,111,14.2,14.8,14.2,14.5,14.7,15,15.6,99,111,142,108,138,130,109,14.6,14.9,13.4,14.7,13.8,13.9,14.8,99,111,142,107,139,130,110,16,17,15.9,16.3,16.4,16.1,16.5,99,111,142,107,140,130,109
Charter,PERSPECTIVES CHTR IIT,400066,1964,10,,15.2,15.6,14.9,15.4,15.2,15.8,,98,56,63,73,87,84,,14.3,14.3,14.5,15,15.2,15,,98,56,63,74,87,84,,15.2,15.7,14.5,15.1,15,14.9,,98,56,63,74,87,84,,14.1,15.3,14,14.4,14.2,15.6,,98,56,63,73,87,84,,16.6,16.4,16.2,16.8,16,17.2,,98,56,63,74,87,84
Charter,PERSPECTIVES CHTR JOSLIN,400064,1960,10,15.4,16.1,15.5,17.7,17.3,17.5,16.9,45,40,57,42,53,55,54,15.3,15.5,14.4,17.7,17.2,17.6,17.5,45,40,57,43,54,55,54,15.1,16.5,15.2,16.4,16.8,17.9,16.4,45,40,57,42,54,55,54,14.9,15.4,15.4,17.3,16.9,16.8,16.3,45,40,58,42,53,55,54,15.8,16.8,16.2,18.5,17.7,17.2,17.2,45,40,58,42,54,55,54
,PHILLIPS AA HS,609743,7960,10,12.8,12,,11.3,,,,20,21,9,13,,2,,10.6,10.7,11,9.4,,,,21,21,22,13,,2,,12.8,11.3,11.6,11.8,,,,23,23,22,13,,2,,11.8,11.7,,10.1,,,,24,23,9,13,,2,,14.9,13.7,,13.7,,,,24,23,9,13,,2,
AUSL,PHILLIPS HS,609727,1510,10,14.1,13.8,13.1,14.2,13.9,13.8,14.6,85,120,84,117,197,123,141,13.8,12.7,11.8,13.2,12.5,12.8,13.5,86,122,85,117,199,124,142,13,13.5,12.6,14.1,13.8,13.7,14.3,85,125,85,118,198,123,142,13.7,13.6,12.9,13.3,13.2,13.1,14.1,85,125,85,118,197,123,142,15.4,15.2,14.5,15.6,15.4,15,15.9,85,123,84,118,197,124,141
Military,PHOENIX MILITARY HS,610304,7310,10,15.6,16.1,15.9,16.6,16.7,16.7,17.4,115,114,91,134,102,100,116,15.3,15,14.9,15.7,15.9,16.2,17.3,115,114,91,134,102,100,116,15.3,16.1,16,16.6,17,17,17.3,115,115,91,134,102,100,116,15.3,15.7,16,16.6,15.9,15.6,16.6,115,115,91,134,102,100,116,16.3,17.3,16.3,17,17.6,17.1,18.1,115,115,91,134,102,100,116
Contract,PROLOGUE CONTR HS,400070,1135,10,13.4,14.2,13.3,13.2,13.8,,,30,25,26,19,13,,,12.5,13.2,12.3,11.7,12.5,,,30,26,29,23,13,,,12.6,13.5,13.1,10.6,12.8,,,30,26,29,22,13,,,13.5,13.8,13.9,13.8,14.2,,,30,26,28,22,13,,,14.7,15.6,14.5,15.3,14.8,,,30,25,26,21,13,,
Charter,PROLOGUE-JOHNSTON CHTR HS,400109,8670,10,,,,,13,,,,,,,18,,,,,,,12.1,,,,,,,18,,,,,,,11.9,,,,,,,18,,,,,,,12.1,,,,,,,18,,,,,,,15.3,,,,,,,18,,
Network 3,PROSSER HS,609679,1070,10,16,16.3,16.3,16.1,16.5,16.7,16.7,291,335,340,328,326,320,395,15.5,15.4,15.8,15.4,15.9,16.3,16.6,292,335,340,328,328,325,396,15.9,16.3,16.4,16.3,16.8,17,16.9,292,335,340,328,331,326,397,15.6,15.9,16,15.6,15.3,15.5,15.7,291,335,340,328,332,327,397,16.4,17.2,16.4,16.6,17.3,17.1,17.1,291,335,340,328,332,323,396
OS4,RABY HS,610334,7690,10,14.1,14.4,14.3,14.1,14,13.8,14,114,116,115,114,101,100,116,13.3,13.2,13.2,12.7,12.8,12.8,13,114,116,115,114,101,103,117,13.8,14,13.7,13.6,13.6,14.4,14,114,116,115,114,102,103,117,13.3,13.8,14.4,13.9,13.6,12.4,13.3,114,116,115,114,102,103,116,15.6,15.8,15.4,15.6,15.5,14.6,15.3,114,116,115,114,102,100,117
OS4,RICHARDS HS,609682,1110,10,13.9,13.3,12.9,14.2,13.9,13.5,14.4,124,120,161,85,94,84,92,12.8,11.8,11.7,12.6,12.7,12.9,13.4,124,120,161,85,96,85,93,13.7,13.2,12.5,14,14.2,13.7,14.4,124,120,161,85,96,85,93,13.3,12.9,12.4,14,12.7,12.6,13.7,124,120,161,85,96,85,93,15.3,15.1,14.4,15.5,15.2,14.1,15.3,124,120,161,85,94,84,92
Military,RICKOVER HS,610390,7140,10,16.7,16.6,15.8,16.3,16.8,17,17.3,116,106,114,133,88,93,153,15.8,15.6,15.5,15.8,16.2,17.2,17.6,116,106,116,135,88,93,153,16.9,16.3,15.4,16.1,16.7,16.7,17.1,116,106,116,134,88,93,153,16.2,16.2,15.8,16.1,16,16.2,16.8,116,106,115,134,88,93,153,17.2,17.7,16.2,16.7,17.8,17.5,17.3,116,106,114,133,88,93,153
,ROBESON AA HS,610374,7570,10,12.3,12.4,11.4,11.3,11.5,11.6,,65,57,95,27,28,17,,11.1,10.8,10.4,10.1,9.1,10.2,,67,57,95,33,28,17,,11.3,12.2,11.2,10.6,11.2,10.9,,67,57,95,31,28,17,,12.1,12,11.1,11,10.9,10.8,,66,57,95,28,28,17,,14.5,14.1,12.7,12.6,14.1,14,,65,57,95,28,28,17,
Network 11,ROBESON HS,609707,1320,10,13.6,12.8,13,12.7,13.2,12.9,14.1,298,130,136,103,79,62,75,12.5,11.8,11.4,10.9,11.7,12.3,13.4,299,131,139,103,79,65,77,13.1,12.4,12.7,12.2,12.7,12,13.4,298,131,144,103,79,65,77,13.2,12.3,12.7,12.6,13,13,13.5,299,130,145,103,79,65,77,15,14.2,14.1,14.4,14.7,14.2,15.7,299,130,141,103,79,65,77
Network 1,ROOSEVELT HS,609728,1520,10,14.4,14.5,14.1,15.2,15,14.8,15.4,290,261,311,241,240,275,272,13.8,13.1,12.9,14.1,14.2,14.5,14.9,291,261,314,241,240,276,272,14.3,14.6,14.1,15.1,15,14.7,15.5,290,261,314,241,240,276,272,13.3,13.8,13.6,15,14.2,13.7,14.5,290,261,313,241,240,276,272,15.6,16,15.4,16,15.9,15.8,16.3,290,261,312,241,240,275,272
,SAFE ALTERNATIVE HS,609683,1120,10,14.2,13.9,12.8,,,,,41,36,34,,,,,13.1,12.8,11.7,,,,,41,39,38,,,,,13.9,14,13,,,,,41,37,38,,,,,13.9,13.2,12.3,,,,,41,37,37,,,,,15,14.6,14.3,,,,,41,36,35,,,,
Network 12,SCHOOL OF LEADRSHP HS,610297,7230,10,13.7,13.2,13.1,13.5,,,,95,54,59,175,,,,13.4,12.4,11.9,12.4,,,,95,54,60,178,,,,12.9,12.1,12.4,13.4,,,,95,54,60,176,,,,13.5,13.2,12.7,12.9,,,,95,54,60,175,,,,14.7,14.9,14.7,14.9,,,,95,54,59,175,,,
,SCHOOL OF TECH HS,610296,7220,10,14,14,13.5,,,,,84,84,60,,,,,12.9,12.8,13.1,,,,,85,84,61,,,,,13.6,13.5,13.1,,,,,86,84,60,,,,,13.7,13.6,12.6,,,,,86,84,60,,,,,15.5,15.3,14.8,,,,,85,84,60,,,,
,SCHOOL OF THE ARTS HS,610310,7370,10,13.5,13.5,13.4,,,,,94,87,102,,,,,12.5,12.6,12,,,,,96,87,102,,,,,13,12.7,13.2,,,,,96,87,103,,,,,12.9,13.2,13.4,,,,,95,87,103,,,,,15.2,15.1,14.4,,,,,94,87,103,,,,
Network 1,SCHURZ HS,609729,1530,10,14.5,14.7,14.2,14.6,15,14.9,15.3,457,510,529,481,458,514,473,13.9,13.4,13.4,13.3,14.1,13.9,14.4,457,511,529,482,459,518,476,14.2,14.7,14,14.4,14.8,15.1,15.3,457,516,531,490,467,527,480,13.7,14.2,14,14.3,14.4,13.9,14.7,457,515,531,489,469,531,479,15.6,15.9,15.1,15.6,16.2,16,16.3,457,515,531,490,469,532,479
,SENN AA HS,610377,7650,10,13.1,13.3,13.2,,,,,21,18,26,,,,,11.7,11.7,11.7,,,,,21,22,26,,,,,13.6,13.1,12.5,,,,,21,21,26,,,,,11,12.6,12.7,,,,,21,20,26,,,,,15.4,15.1,15.1,,,,,21,19,26,,,,
Network 2,SENN HS,609730,1540,10,14.6,14.7,14.1,14.5,16.3,16,17.4,153,183,226,286,217,265,311,14,13.4,13.2,13.3,15.6,15.2,17.4,153,183,233,291,217,265,311,14.8,14.7,14.1,14.4,16.6,16.1,17.1,153,183,233,291,219,269,312,13.7,14.3,13.6,14.1,15.2,15.5,16.5,153,183,228,291,219,270,312,15.8,16.1,15,15.9,17.3,16.9,18.1,153,183,226,289,219,270,312
Charter,SHABAZZ CHTR-DUSABLE,400073,4140,10,14.4,14.1,13.4,13.6,13.9,13.7,13.7,103,108,84,92,84,68,50,13.5,13.3,12.6,12.6,12.8,12.5,13,105,108,84,93,86,69,50,14.1,14.1,12.7,13.2,13.6,13.7,13.5,107,108,84,93,84,69,50,14,12.9,13.2,13.3,13.2,13.4,13,107,108,84,93,86,69,50,15.5,15.8,14.7,14.9,15.2,14.2,15,105,108,84,92,86,71,50
Network 11,SIMEON HS,609692,1150,10,15.4,15.3,14.8,15.3,15.3,15.7,15.6,324,339,383,374,327,291,357,15.2,14.6,14.1,14.4,14.9,16,15.4,325,340,385,379,355,291,358,15.4,15.2,15,15,15,15.2,15.7,325,339,385,377,355,291,358,15,15,14.6,15.2,14.4,14.7,14.8,325,339,384,375,327,291,358,15.8,16.1,15,15.9,16.3,16.1,16.3,324,339,383,376,328,291,357
Options,SIMPSON HS,609750,1750,10,14.6,13.8,13.4,13.4,12.7,,,11,12,27,19,12,5,,12.8,13.1,12.3,12.2,11.8,,,12,12,27,19,12,5,,13.5,12,12.8,12.8,12.5,,,11,12,27,19,12,5,,15,13.8,13.8,13.2,11,,,11,12,27,19,12,5,,15.6,15.5,14.4,14.9,14.9,,,11,12,27,19,12,5,
AUSL,SOLORIO HS,610543,8550,10,,,,16.5,15.7,15.8,16.7,,,,232,230,256,244,,,,15.5,14.3,14.5,15.6,,,,235,230,256,244,,,,16.4,16.3,16.6,17.5,,,,235,230,256,244,,,,16.1,14.4,14.6,15.7,,,,232,230,256,244,,,,17.5,17.4,17,17.7,,,,232,230,256,244
,SOUTH CENTRAL THERAPEUTIC HS,800014,9029,10,,,,,,11.3,,,,,,,12,,,,,,,10,,,,,,,13,,,,,,,8.9,,,,,,,12,,,,,,,11.7,,,,,,,12,,,,,,,13.8,,,,,,,12,
Network 12,SOUTH SHORE INTL HS,610547,8676,10,,,,,15.3,15.3,16.4,,,,,212,229,122,,,,,14.9,15.6,16.5,,,,,212,229,123,,,,,14.8,14.6,15.6,,,,,236,241,124,,,,,14.5,14.5,15.8,,,,,236,241,124,,,,,16.1,16.2,17.2,,,,,236,241,123
Network 7,SPRY HS,610357,7930,10,15.6,15.5,15.9,16.2,15.4,15.8,16.6,33,59,56,62,55,57,55,15.4,13.9,15.4,15,14.3,14.9,16,33,59,56,63,55,57,56,16.1,15.8,16,16.2,15.9,16.3,17.4,33,59,56,63,55,57,55,13.7,14.5,15,15.7,14.2,14.9,15.1,34,59,56,62,55,57,55,16.6,17.2,16.9,17.2,17,16.6,17,34,59,56,62,55,57,55
Network 3,STEINMETZ COLLEGE PREP HS,609732,1560,10,14.4,14,14.2,14.7,15.1,15.4,15.5,486,465,494,465,455,408,413,13.6,13,13.1,13.6,14.4,14.6,14.7,486,468,499,465,456,409,413,14.6,13.9,14.7,14.5,15.1,15.5,15.5,486,472,498,466,455,408,413,13.2,13.6,13.6,14.4,14.5,14.6,14.7,486,471,496,466,455,409,413,15.6,15.2,15,15.8,16.2,16.3,16.7,486,470,494,466,455,409,413
Network 2,SULLIVAN HS,609733,1570,10,14.4,13.8,13.8,14.1,14.9,14,15,123,142,147,109,124,144,136,13.5,12.2,12.6,13.1,13.9,13.1,14.1,124,143,148,111,126,148,136,14.4,13.6,14.1,13.9,15,13.8,15.2,125,143,148,111,125,147,136,13.8,13.2,13.3,13.7,13.8,13,14.3,124,142,147,111,124,144,136,15.5,15.4,14.7,15.2,16.2,15.4,16,124,143,148,109,124,144,136
Network 1,TAFT HS,609734,1580,10,16.3,15.9,16.7,16.7,16.8,17.2,18.2,503,556,559,661,574,634,635,16,15.4,16.1,16.1,16.5,17.4,18.4,504,557,559,663,575,634,635,16.2,15.7,16.9,16.6,16.7,17.1,18.2,504,557,559,663,574,634,635,15.7,15.5,16.5,16.7,16.2,16.3,17.2,503,556,559,663,574,634,635,16.9,16.7,16.7,17,17.5,17.4,18.6,504,557,559,661,574,634,635
Network 11,TEAM HS,610506,8080,10,14.1,14.3,13.3,13.8,13.9,13.9,14.3,131,119,106,103,103,91,69,13.2,13.1,11.7,12.3,12.3,12.8,13.6,131,121,107,104,103,92,69,14,14.3,13.2,13.4,14.5,14.3,14.7,132,121,108,104,103,92,69,13.5,13.5,13,13.5,12.9,12.9,13.3,132,120,108,103,103,91,69,15.4,15.6,14.6,15.5,15.4,15.1,15.3,132,120,108,104,103,91,69
,TILDEN AA HS,610375,7580,10,12.3,11.9,12,12.3,12.5,12,,51,62,70,28,24,25,,10.5,10,10.2,10.5,10.1,10.3,,51,62,70,28,26,25,,12.4,11.8,12.2,11.9,12.6,12.3,,52,62,70,28,26,25,,11.7,11.9,11.9,11.5,11.8,11,,51,62,70,28,25,25,,14.3,13.6,13.3,15,14.5,14.3,,52,62,70,28,25,25,
OS4,TILDEN HS,609735,1590,10,13.5,13.2,13,13.3,13.9,14,14.2,140,110,92,66,36,59,63,12.4,11.7,11.4,11.9,11.7,13,12.4,140,111,92,66,37,59,65,12.8,12.7,12.8,13.1,14.3,13.9,13.5,141,110,92,66,36,59,64,12.9,12.6,12.9,13,13.1,13.4,14.1,141,111,92,66,36,59,64,15.4,15.4,14.8,14.6,15.6,15.4,15.7,141,111,92,66,36,59,63
,UCAN THERAPEUTIC HS,800016,9031,10,,,,,,,,,,,,,7,5,,,,,,,,,,,,,9,5,,,,,,,,,,,,,7,5,,,,,,,,,,,,,7,5,,,,,,,,,,,,,7,5
Charter,UNIV OF CHGO CHTR-WOODLAWN,400077,3061,10,14.9,15.2,15.1,15.8,15.8,,16.2,88,86,55,63,69,,109,14.1,13.9,14.1,15.5,15,,15.8,88,86,64,63,69,,109,14.7,14.6,15.2,15.3,16.1,,16.1,88,86,64,63,69,,109,14.6,14.9,14.3,15.4,14.9,,15.5,88,87,64,63,69,,109,15.6,16.7,15.6,16.6,16.9,,16.9,88,87,55,63,69,,109
Charter,UNO CHTR - MAJOR HECTOR P.GARCIA,400085,3343,10,,16.1,15,16.1,15.3,,16.2,,120,136,155,146,,157,,14.3,13.9,15,14.7,,15.3,,120,136,155,146,,157,,17.2,15.9,16.5,15.6,,16.2,,120,136,155,146,,157,,15.2,14.1,15.4,14.1,,15.3,,120,136,155,146,,157,,17.5,15.8,17.2,16.6,,17.4,,120,136,155,146,,157
Network 2,UPLIFT HS,610394,2210,10,14.6,15,15.1,15.2,15.4,15.2,15.2,105,124,97,79,89,91,57,13.5,14.1,14.1,14.1,14.6,14.9,14.5,105,125,98,80,90,91,57,14.9,14.7,15,15.1,14.7,15.4,15.3,105,125,97,80,94,92,57,13.8,14.4,14.8,15.2,15,14.6,14.5,105,124,97,80,94,93,57,15.6,16,15.6,15.8,16.4,15.3,15.9,105,124,97,79,93,93,57
Charter,URBAN PREP CHTR - BRONZEVILLE,400105,8027,10,,,,14.9,15.3,,15.8,,,,122,130,,120,,,,14.7,15,,15.5,,,,124,130,,121,,,,14.3,14.9,,16,,,,124,130,,121,,,,13.9,14.2,,14.9,,,,124,130,,121,,,,16,16.7,,16.5,,,,122,130,,121
Charter,URBAN PREP CHTR - WEST,400102,8096,10,,,14.6,15.7,15.5,,15.7,,,92,100,81,,85,,,13.6,15.3,14.9,,15.3,,,92,100,81,,85,,,14.8,15.2,15.7,,15.3,,,92,100,82,,85,,,13.6,15.2,14.6,,15.2,,,92,101,81,,85,,,15.8,16.5,16.3,,16.3,,,92,101,82,,85
Charter,URBAN PREP CHTR-ENGLEWOOD,400086,7030,10,14.8,13.6,13.5,15.4,15.6,,15.7,133,134,140,75,102,,121,14,12.6,12.6,14.7,15.1,,15.1,133,134,141,75,102,,121,13.9,12.9,13,15.2,15.7,,15.7,133,134,141,76,102,,121,14.9,13,12.9,14.5,14.5,,15.2,133,134,141,75,102,,121,15.7,15.2,14.9,16.5,16.9,,16.5,133,134,141,76,102,,121
,VIVIAN SUMMERS ALTERNATIVES HS,610554,8684,10,,,,14.4,,,,,,,13,,,,,,,12.3,,,,,,,13,,,,,,,15.4,,,,,,,13,,,,,,,14.2,,,,,,,13,,,,,,,15,,,,,,,13,,,
Network 3,VOISE HS,610518,1145,10,,13.9,13.8,14.1,14.1,13.5,14.5,,111,80,79,74,57,56,,12.9,13,12.9,12.7,12.4,13.5,,111,80,79,74,57,56,,12.8,14.2,13.7,13.9,13.7,14.6,,111,80,81,74,60,59,,13.2,12.8,13.6,13.2,12.5,13.4,,111,80,82,74,60,59,,16,14.7,15.5,15.7,14.9,15.8,,111,80,82,74,60,59
Network 1,VON STEUBEN HS,609737,1610,10,17.3,17.5,16.8,17.3,16.8,17.9,18.5,484,385,331,350,397,415,416,17.3,17.1,16.5,16.4,16.3,18.6,18.7,485,386,332,352,397,415,416,17.1,17.2,17.2,17.5,17,18.1,18.7,485,385,332,352,399,420,416,16.5,16.7,15.9,16.9,15.9,16.5,17.1,484,386,335,360,399,421,416,17.6,18.2,17,18,17.6,17.7,18.8,484,386,336,360,399,422,416
Network 13,WASHINGTON HS,609739,1630,10,13.8,14.7,14.2,14.7,14.9,14.9,16.2,392,267,335,332,344,285,372,13,13.6,13.2,13.8,14.2,14.3,15.8,403,269,338,332,344,286,372,13.7,14.2,14,14.6,14.6,14.6,15.9,397,269,339,332,344,286,372,13.1,14.5,13.8,14.4,14.1,14.3,15.6,395,267,339,332,344,286,372,15,15.6,15.1,15.7,16,16.1,17.1,392,267,339,332,344,285,372
OS4,WELLS HS,609740,1640,10,13.4,14.8,13.6,13.7,14.1,13.6,15.1,101,104,159,167,113,105,119,12.4,13.6,12.2,12.5,13.4,12.7,14.2,105,104,160,167,115,109,119,13.3,14.7,13.6,13.5,14,13.6,15.3,104,104,160,167,115,108,119,12.2,14.5,13,13.1,13.2,12.8,14.5,104,104,161,167,115,106,119,15,16,14.8,15.2,15,14.4,16,102,104,160,167,113,106,119
Network 9,"WILLIAMS, D",610380,7200,10,16.5,15.7,15.5,16.7,16,16.2,16.3,60,77,55,71,86,85,66,16.5,15.1,15.1,16.2,15.9,16.6,15.8,60,77,55,71,86,85,66,15.5,14.4,15.5,16.4,15.9,16.2,16.2,60,77,55,71,86,85,67,16.7,16.1,15.3,16.7,15.1,14.7,15.5,60,77,55,71,86,85,67,16.2,16.9,15.7,16.9,16.8,16.6,16.7,60,77,55,71,86,85,67
Network 7,WORLD LANGUAGE HS,610392,4460,10,15.1,14.6,14.3,14.3,14.4,14.6,15.7,56,100,95,91,98,86,103,13.9,13.4,13.4,14.4,13.9,15.2,15.8,58,100,96,91,98,86,104,14.6,14.7,14.1,13.8,14.3,14.4,15.2,57,100,96,91,99,86,104,14.9,14.1,14.1,13,13.2,13.2,14.7,56,100,96,91,99,86,104,15.7,15.8,14.9,15.4,15.6,15.3,16.2,56,100,95,91,99,86,103
Charter,YCCS ADDAMS,400134,9051,10,,,,,14.6,,,,,,,77,,,,,,,14.2,,,,,,,78,,,,,,,14.4,,,,,,,77,,,,,,,13.9,,,,,,,77,,,,,,,15.5,,,,,,,77,,
Charter,YCCS ASPIRA PANTOJA,400125,9042,10,,,,,14.1,,,,,,,60,,,,,,,13.2,,,,,,,60,,,,,,,13.7,,,,,,,60,,,,,,,13.5,,,,,,,60,,,,,,,15.4,,,,,,,60,,
Charter,YCCS ASSOCIATION HOUSE,400126,9043,10,,,,,14.2,,,,,,,61,,,,,,,13.2,,,,,,,62,,,,,,,13.7,,,,,,,62,,,,,,,13.7,,,,,,,61,,,,,,,15.4,,,,,,,61,,
Charter,YCCS AUSTIN CAREER,400127,9044,10,,,,,,,,,,,,3,,,,,,,,,,,,,,3,,,,,,,,,,,,,,3,,,,,,,,,,,,,,3,,,,,,,,,,,,,,3,,
Charter,YCCS CAMPOS,400131,9601,10,,,,,14.3,,,,,,,58,,,,,,,13.9,,,,,,,58,,,,,,,13.9,,,,,,,58,,,,,,,13.8,,,,,,,58,,,,,,,15,,,,,,,58,,
Charter,YCCS CHTR-CHATHAM,400150,9599,10,,,,,12.9,,,,,,,29,,,,,,,11.5,,,,,,,31,,,,,,,12.6,,,,,,,31,,,,,,,12.4,,,,,,,30,,,,,,,14.3,,,,,,,29,,
Charter,YCCS COMMUNITY ACADEMY,400145,9062,10,,,,,13.7,,,,,,,72,,,,,,,12.8,,,,,,,73,,,,,,,13.4,,,,,,,73,,,,,,,12.9,,,,,,,74,,,,,,,15.2,,,,,,,74,,
Charter,YCCS COMMUNITY SERVICE,400123,9040,10,,,,,13.8,,,,,,,43,,,,,,,12.9,,,,,,,43,,,,,,,14,,,,,,,43,,,,,,,12.7,,,,,,,43,,,,,,,15,,,,,,,43,,
Charter,YCCS COMMUNITY SERVICE WEST,400128,9045,10,,,,,13.3,,,,,,,37,,,,,,,11.7,,,,,,,37,,,,,,,13.2,,,,,,,37,,,,,,,12.6,,,,,,,37,,,,,,,15,,,,,,,37,,
Charter,YCCS HOUSTON,400129,9046,10,,,,,13.3,,,,,,,32,,,,,,,12.2,,,,,,,33,,,,,,,12.9,,,,,,,33,,,,,,,12.6,,,,,,,33,,,,,,,14.6,,,,,,,32,,
,YCCS HOWARD,400132,9049,10,,,,,14.3,,,,,,,30,,,,,,,13.5,,,,,,,32,,,,,,,13.8,,,,,,,31,,,,,,,13.9,,,,,,,31,,,,,,,15.4,,,,,,,30,,
Charter,YCCS INNOVATIONS HS OF ARTS INTEGRATION,400133,9602,10,,,,,13.8,,,,,,,202,,,,,,,13.3,,,,,,,205,,,,,,,13.2,,,,,,,205,,,,,,,13,,,,,,,204,,,,,,,15.2,,,,,,,204,,
Charter,YCCS LATINO YOUTH,400135,9052,10,,,,,14.1,,,,,,,97,,,,,,,13.4,,,,,,,97,,,,,,,14,,,,,,,98,,,,,,,13.3,,,,,,,98,,,,,,,15.4,,,,,,,98,,
Charter,YCCS MCKINLEY,400124,9041,10,,,,,13.3,,,,,,,48,,,,,,,11.9,,,,,,,56,,,,,,,12.7,,,,,,,53,,,,,,,12.6,,,,,,,50,,,,,,,15.1,,,,,,,50,,
Charter,YCCS OLIVE HARVEY,400136,9053,10,,,,,13.1,,,,,,,53,,,,,,,12.3,,,,,,,58,,,,,,,11.6,,,,,,,58,,,,,,,13.7,,,,,,,57,,,,,,,14.2,,,,,,,53,,
Charter,YCCS SULLIVAN,400139,9056,10,,,,,13.1,,,,,,,171,,,,,,,12.1,,,,,,,171,,,,,,,12.4,,,,,,,171,,,,,,,12.6,,,,,,,171,,,,,,,14.9,,,,,,,171,,
Charter,YCCS TRUMAN,400141,9058,10,,,,,,,,,,,,8,,,,,,,,,,,,,,8,,,,,,,,,,,,,,8,,,,,,,,,,,,,,8,,,,,,,,,,,,,,8,,
Charter,YCCS WEST TOWN,400143,9603,10,,,,,14.3,,,,,,,49,,,,,,,14,,,,,,,49,,,,,,,13.5,,,,,,,49,,,,,,,14,,,,,,,49,,,,,,,15.6,,,,,,,49,,
Charter,YCCS WESTSIDE HOLISTIC,400144,9604,10,,,,,13.4,,,,,,,67,,,,,,,12.9,,,,,,,67,,,,,,,12.8,,,,,,,67,,,,,,,12.7,,,,,,,67,,,,,,,14.7,,,,,,,67,,
Charter,YCCS YOUTH DEVELOPMENT,400130,9047,10,,,,,12.6,,,,,,,51,,,,,,,12.1,,,,,,,75,,,,,,,11.3,,,,,,,66,,,,,,,12,,,,,,,57,,,,,,,14.1,,,,,,,51,,
Charter,YNG WOMEN-CHTR CAMPUS,400087,2490,10,15.2,15.6,14.9,15.4,16.1,15.8,15.2,61,51,54,57,47,53,50,14.5,14.5,13.9,14.2,15.5,15.6,14.6,61,51,54,57,47,53,56,14.5,15.1,15.2,14.7,15.8,16,14.9,61,51,54,57,47,53,50,14.9,15.2,14.4,15.6,15.8,15,14.6,61,51,54,57,47,53,56,16.4,16.9,15.9,16.3,16.9,16.3,15.9,61,51,54,57,47,53,56
Options,YORK HS,609748,1730,10,13.8,13.9,14.1,14.4,,,,29,49,40,40,,,,12,12.6,12.4,12.5,,,,29,50,41,42,,,,13.4,13.8,13.5,13.8,,,,29,51,41,42,,,,13.8,13.7,14.5,14.5,,,,29,50,41,42,,,,15.2,15.4,15.6,16,,,,29,50,40,40,,,
Network 6,YOUNG HS,609755,1810,10,22,22.7,23,23.4,23.3,23.5,24.1,508,470,451,406,468,468,513,21.8,22.3,21.8,22.3,23.2,23.8,23.9,509,470,451,406,468,469,513,22.3,23.6,24.7,24.3,23.6,24.3,25.4,509,470,451,406,468,469,513,21.6,22.4,22.4,23.1,22.3,23.1,22.7,508,470,451,406,468,468,513,21.7,22.1,22.4,23.3,23.4,22.4,24.1,508,470,451,406,468,468,513
,YOUTH CONNECTION CHTR,609686,1121,10,14.1,14,13.2,13.8,,,,596,1347,1151,1453,,,,13.5,12.9,12.3,12.7,,,,605,1371,1190,1479,,,,13.7,13.5,12.6,13.2,,,,608,1367,1188,1501,,,,13.7,13.8,13,13.5,,,,603,1358,1179,1483,,,,15,15.3,14.3,15,,,,604,1357,1174,1478,,,
